Date,Tournament,Rd,Rival,RallyLen,RLen-Serve,RLen-Return,1-3 W%,4-6 W%,7-9 W%,10+ W%,FH/GS,BH Slice%,FHP,FHP/100,BHP,BHP/100,W_or_L
2025,Miami,R64,Kecmanovic,4.6,4.5,4.6,51.0%,42.2%,55.6%,61.9%,63.9%,13.9%,17.5,8.7,0.0,0.0,W
2025,Indian Wells,R64,Giron,4.4,3.7,5.1,50.0%,48.1%,42.3%,50.0%,58.1%,20.6%,8.0,4.3,0.0,0.0,L
2025,Acapulco,R32,Rinderknech,3.3,3.1,3.5,51.2%,67.7%,40.0%,85.7%,57.1%,13.6%,5.0,7.1,8.5,16.0,W
2025,Dallas,F,Shapovalov,3.6,4.1,3.1,48.9%,38.5%,66.7%,42.9%,49.2%,30.6%,9.0,13.2,2.5,3.7,L
2025,Dallas,SF,Munar,5.2,5.1,5.3,50.0%,46.8%,54.8%,43.5%,62.8%,24.5%,2.0,1.1,9.0,8.9,W
2025,Australian Open,R64,Mensik,3.7,4.0,3.4,45.6%,44.7%,50.0%,35.3%,61.4%,30.4%,-0.5,-0.3,-1.5,-1.8,L
2025,Australian Open,R128,Munar,4.3,4.3,4.2,49.7%,58.9%,48.4%,48.1%,59.4%,22.6%,8.0,3.5,-0.5,-0.4,W
2025,United Cup,RR,Hurkacz,3.8,4.2,3.4,54.4%,60.6%,53.8%,80.0%,54.3%,23.8%,15.0,19.0,7.0,13.0,W
2024,Tour Finals,SF,Sinner,4.7,5.2,4.2,31.1%,40.9%,33.3%,41.7%,51.8%,21.5%,6.0,8.1,-4.0,-6.8,L
2024,Tour Finals,RR,Zverev,4.0,4.6,3.5,48.6%,33.3%,33.3%,40.0%,52.8%,35.7%,-2.0,-2.9,1.5,2.8,L
2024,Tour Finals,RR,Alcaraz,3.7,4.0,3.3,61.8%,46.9%,75.0%,40.0%,52.1%,15.4%,-0.5,-0.7,1.5,2.3,W
2024,Tour Finals,RR,Rublev,3.3,3.2,3.4,54.3%,56.8%,41.7%,28.6%,52.8%,24.2%,13.5,16.9,-5.0,-7.8,W
2024,US Open,R16,Fritz,3.7,4.1,3.3,44.9%,57.1%,45.5%,46.7%,56.8%,20.6%,11.5,8.0,-6.0,-5.9,L
2024,US Open,R128,Yunchaokete,3.9,3.7,4.1,60.6%,73.5%,50.0%,47.4%,59.2%,17.7%,27.0,18.4,2.0,2.2,W
2024,Cincinnati,R32,Auger Aliassime,3.1,3.4,2.6,41.0%,22.2%,42.9%,33.3%,50.5%,18.4%,-0.5,-1.1,-5.5,-14.1,L
2024,Paris Olympics,R16,Cerundolo,3.8,4.0,3.7,51.5%,74.1%,60.0%,44.4%,59.0%,14.7%,14.5,15.9,4.5,7.8,W
2024,Roland Garros,SF,Zverev,4.3,5.2,3.1,42.3%,40.0%,50.0%,57.1%,51.7%,20.3%,10.0,6.8,-4.5,-3.7,L
2024,Roland Garros,R64,Davidovich Fokina,4.8,4.3,5.3,55.6%,50.0%,49.0%,33.3%,48.3%,11.2%,11.5,4.3,-4.0,-1.5,W
2024,Geneva,F,Machac,4.5,5.0,4.0,57.7%,44.4%,50.0%,63.6%,58.9%,14.7%,19.0,13.6,-2.5,-2.7,W
2024,Rome,R64,Kecmanovic,5.2,5.2,5.2,53.2%,57.5%,45.5%,44.4%,51.3%,4.9%,25.5,14.1,0.0,0.0,L
2024,Barcelona,F,Tsitsipas,4.5,4.8,4.2,58.6%,70.4%,52.4%,36.4%,56.9%,21.3%,13.5,11.4,4.5,6.3,W
2024,Barcelona,QF,Arnaldi,5.1,5.3,4.7,55.1%,65.0%,42.9%,53.3%,62.4%,12.5%,10.5,6.9,0.0,0.0,W
2024,Barcelona,R16,Thompson,4.1,4.3,4.0,63.2%,50.0%,66.7%,71.4%,52.2%,9.2%,13.5,16.7,2.0,3.0,W
2024,Barcelona,R32,Muller,4.5,4.4,4.5,54.9%,75.9%,36.4%,40.0%,59.2%,3.1%,16.5,12.0,4.5,5.0,W
2024,Monte Carlo,F,Tsitsipas,4.3,4.7,4.0,42.2%,52.6%,43.8%,30.0%,58.3%,8.8%,0.0,0.0,2.0,2.6,L
2024,Monte Carlo,SF,Djokovic,4.9,5.0,4.9,40.5%,41.0%,55.6%,71.4%,48.7%,14.5%,10.0,7.2,1.5,1.1,W
2024,Monte Carlo,QF,Humbert,4.6,4.1,5.0,52.5%,48.6%,62.5%,68.8%,53.5%,11.3%,19.5,12.8,2.0,1.7,W
2024,Monte Carlo,R16,Hurkacz,3.6,3.9,3.4,58.1%,65.0%,46.2%,60.0%,55.3%,5.6%,5.0,6.3,11.5,18.0,W
2024,Monte Carlo,R32,Tabilo,4.7,5.5,4.0,58.2%,61.5%,63.6%,72.7%,68.4%,11.0%,20.0,14.3,4.5,7.0,W
2024,Estoril,SF,Martinez,5.2,4.7,5.8,55.6%,49.2%,38.2%,38.5%,53.7%,11.4%,17.5,8.0,-1.0,-0.6,L
2024,Estoril,QF,Fucsovics,3.5,3.7,3.3,58.7%,64.0%,66.7%,66.7%,61.2%,11.5%,10.5,15.2,2.5,5.4,W
2024,Miami,R16,Jarry,4.0,3.4,4.6,47.7%,33.3%,31.3%,38.5%,49.3%,28.3%,-1.0,-1.4,-3.5,-4.7,L
2024,Miami,R64,Van Assche,4.1,3.8,4.5,50.5%,55.6%,29.4%,33.3%,51.6%,14.2%,14.0,11.9,-6.5,-6.4,W
2024,Indian Wells,QF,Paul,4.9,4.6,5.2,54.1%,49.0%,33.3%,43.5%,52.5%,11.6%,17.0,9.4,-2.0,-1.4,L
2024,Indian Wells,R32,Fils,3.6,3.3,3.9,53.0%,65.2%,66.7%,100.0%,51.9%,13.0%,11.0,18.0,0.0,0.0,W
2024,Acapulco,F,De Minaur,5.1,5.8,4.1,44.4%,45.5%,40.9%,50.0%,56.4%,14.8%,6.0,4.2,-1.5,-1.5,L
2024,Acapulco,R16,Lajovic,4.0,3.8,4.2,55.2%,55.6%,42.9%,55.6%,54.1%,13.1%,17.5,18.6,-0.5,-0.7,W
2024,Acapulco,R32,Eubanks,3.0,3.4,2.7,52.6%,50.0%,60.0%,66.7%,57.1%,16.5%,8.0,8.7,3.5,5.6,W
2024,Los Cabos,F,Thompson,5.5,4.7,6.1,42.4%,43.2%,20.0%,59.3%,53.9%,15.5%,3.0,1.7,-4.5,-3.5,L
2024,Los Cabos,SF,Tsitsipas,4.2,4.8,3.6,49.4%,59.4%,52.6%,63.6%,55.3%,7.6%,11.0,8.9,4.0,4.3,W
2024,Los Cabos,QF,Borges,4.0,3.6,4.6,58.5%,65.0%,66.7%,66.7%,53.3%,12.9%,6.5,10.7,2.5,4.1,W
2024,Australian Open,R32,Norrie,4.0,3.5,4.5,54.9%,34.3%,40.9%,38.9%,49.9%,12.9%,5.0,2.7,-2.0,-1.3,L
2024,Australian Open,R64,Purcell,3.4,3.6,3.2,52.7%,49.2%,52.8%,43.8%,52.2%,25.9%,30.5,19.3,5.5,4.2,W
2024,United Cup,QF,Mannarino,4.8,4.1,5.6,62.3%,57.1%,71.4%,45.5%,50.7%,23.0%,8.0,8.3,4.5,6.0,W
2024,United Cup,RR,Griekspoor,2.9,2.5,3.3,51.3%,69.6%,25.0%,100.0%,51.5%,16.3%,5.5,14.9,2.0,5.0,W
2023,Paris,R32,Cerundolo,3.9,3.7,4.1,46.9%,46.4%,36.4%,50.0%,54.0%,20.4%,-7.0,-6.5,-2.5,-3.3,L
2023,Shanghai,R16,Marozsan,4.0,3.9,4.1,53.7%,46.9%,42.9%,35.3%,50.7%,27.2%,16.5,9.8,-3.5,-2.8,L
2023,Shanghai,R32,Eubanks,3.4,3.7,3.1,51.6%,69.6%,80.0%,75.0%,51.9%,32.8%,9.5,19.8,6.0,14.6,W
2023,Shanghai,R64,Nishioka,5.2,4.4,5.7,64.0%,68.4%,64.3%,62.5%,54.1%,17.8%,19.5,19.3,0.5,0.6,W
2023,Beijing,QF,Alcaraz,5.0,5.1,4.8,42.9%,39.4%,47.1%,42.1%,50.9%,29.4%,4.5,3.8,-7.0,-7.4,L
2023,Beijing,R32,Struff,3.5,3.9,3.2,48.5%,57.1%,50.0%,88.9%,50.5%,21.5%,9.5,11.2,3.5,4.2,W
2023,US Open,R64,Zhang,4.1,4.4,3.8,48.0%,49.2%,52.0%,42.3%,59.3%,16.8%,-1.5,-0.6,1.0,0.7,L
2023,US Open,R128,Nava,4.4,4.5,4.2,51.3%,45.6%,36.0%,56.3%,52.2%,18.2%,10.0,4.3,-1.5,-0.8,W
2023,Cincinnati,R32,Purcell,3.1,3.5,2.7,43.8%,57.6%,76.9%,57.1%,58.7%,17.3%,8.0,8.9,7.5,12.1,L
2023,Hamburg,QF,Fils,4.9,5.1,4.8,50.0%,41.7%,25.0%,12.5%,49.3%,15.1%,4.5,4.8,-9.0,-10.0,L
2023,Bastad,F,Rublev,3.8,3.6,4.0,45.9%,27.6%,37.5%,50.0%,47.2%,20.0%,4.0,5.2,1.0,1.3,L
2023,Bastad,SF,Musetti,4.8,4.6,5.0,54.0%,48.7%,70.0%,57.1%,51.7%,7.9%,15.0,11.5,-3.0,-2.6,W
2023,Bastad,QF,Ofner,4.4,4.2,4.6,55.4%,51.5%,66.7%,61.5%,53.9%,11.7%,13.0,10.9,0.5,0.5,W
2023,Bastad,R16,Shevchenko,4.2,3.9,4.6,54.3%,68.2%,57.1%,78.6%,67.7%,6.2%,6.0,4.5,3.5,5.9,W
2023,Wimbledon,R128,Lokoli,3.5,3.7,3.3,55.8%,60.8%,52.9%,46.2%,60.4%,31.7%,15.0,9.9,4.5,5.7,W
2023,Roland Garros,F,Djokovic,5.4,6.1,4.7,36.2%,43.1%,60.7%,47.1%,52.9%,22.7%,6.5,2.9,-3.0,-1.9,L
2023,Roland Garros,SF,Zverev,5.4,5.5,5.3,62.9%,58.8%,46.2%,50.0%,56.4%,16.5%,21.5,11.5,-1.0,-0.8,W
2023,Roland Garros,QF,Rune,4.3,4.6,4.1,52.0%,63.6%,53.8%,52.6%,56.6%,12.6%,9.5,4.8,-6.5,-4.9,W
2023,Roland Garros,R16,Jarry,3.5,3.4,3.5,56.5%,50.0%,45.8%,31.3%,48.9%,21.4%,18.0,11.4,5.5,4.2,W
2023,Rome,SF,Rune,4.3,4.5,4.2,48.1%,38.8%,61.1%,47.4%,49.8%,12.1%,8.0,5.4,-7.0,-4.9,L
2023,Rome,R16,Djere,3.9,3.7,4.1,61.5%,65.0%,66.7%,50.0%,49.7%,17.1%,8.0,12.5,4.5,6.6,W
2023,Rome,R64,Rinderknech,3.6,3.6,3.7,62.0%,61.1%,85.7%,60.0%,71.3%,9.1%,21.0,26.9,-0.5,-1.7,W
2023,Monte Carlo,R32,Van De Zandschulp,4.8,4.8,4.7,55.8%,56.4%,42.1%,57.1%,59.9%,14.8%,9.0,4.6,5.5,4.9,W
2023,Estoril,F,Kecmanovic,5.3,4.7,5.9,54.8%,55.2%,57.1%,59.1%,58.7%,15.3%,12.5,7.7,12.0,11.8,W
2023,Estoril,SF,Halys,3.1,3.5,2.6,50.0%,48.7%,64.3%,50.0%,61.2%,17.8%,22.5,22.7,0.5,0.9,W
2023,Miami,R32,Van De Zandschulp,4.3,4.1,4.4,49.6%,58.7%,45.0%,56.5%,58.8%,23.3%,20.0,11.4,0.0,0.0,L
2023,Miami,R64,Ivashka,4.7,4.4,4.9,46.4%,62.1%,76.9%,76.9%,56.3%,17.3%,13.0,11.0,7.0,8.8,W
2023,Indian Wells,R32,Garin,4.4,4.0,5.0,52.3%,43.8%,36.8%,42.1%,50.3%,27.1%,0.0,0.0,-2.5,-2.5,L
2023,Indian Wells,R64,Schwartzman,6.1,5.6,6.6,62.2%,65.2%,52.9%,50.0%,56.1%,19.8%,9.0,6.0,-2.0,-2.0,W
2023,Australian Open,R64,Brooksby,6.3,4.7,7.8,50.8%,52.7%,46.8%,28.6%,37.9%,29.0%,5.5,2.6,-11.0,-3.3,L
2023,Australian Open,R128,Machac,3.6,3.4,3.8,57.3%,47.8%,39.1%,53.3%,48.9%,20.9%,32.0,19.4,13.0,8.2,W
2023,Auckland,R16,Djere,3.9,3.7,4.1,47.9%,43.3%,66.7%,50.0%,48.1%,22.7%,6.0,4.3,-4.0,-3.4,L
2023,United Cup,RR,Berrettini,3.4,3.8,3.2,48.0%,42.9%,37.5%,37.5%,64.2%,26.5%,6.5,8.1,-0.5,-1.4,L
2022,Tour Finals,F,Djokovic,5.0,4.7,5.2,45.9%,52.4%,33.3%,27.8%,50.7%,28.8%,6.0,6.7,-5.5,-7.2,L
2022,Tour Finals,SF,Rublev,4.1,3.8,4.3,57.1%,58.8%,85.7%,22.2%,52.2%,28.0%,9.0,12.7,4.5,8.3,W
2022,Tour Finals,RR,Fritz,3.9,3.6,4.2,54.2%,46.7%,50.0%,50.0%,51.8%,20.4%,13.0,9.2,6.5,6.1,W
2022,Tour Finals,RR,Auger Aliassime,4.0,4.2,3.8,53.8%,50.0%,64.3%,30.0%,58.1%,14.5%,15.5,13.6,-3.5,-5.1,W
2022,Tour Finals,RR,Nadal,3.8,4.4,3.0,43.9%,42.9%,41.7%,33.3%,46.9%,17.0%,5.5,7.2,-6.0,-8.1,L
2022,Paris,R16,Musetti,4.7,4.6,4.7,51.6%,43.8%,43.5%,38.1%,57.3%,21.0%,2.5,1.6,1.0,0.9,L
2022,Paris,R32,Gasquet,4.1,3.8,4.4,58.5%,55.6%,72.7%,57.1%,55.8%,31.3%,13.0,19.1,6.0,10.9,W
2022,Basel,R32,Wawrinka,4.0,4.4,3.7,37.9%,82.4%,58.3%,22.2%,50.0%,18.9%,7.0,11.1,1.0,1.7,L
2022,Seoul,QF,Nishioka,4.8,3.9,5.8,53.8%,46.7%,40.0%,25.0%,45.9%,12.9%,9.0,7.0,-9.5,-6.5,L
2022,Seoul,R16,Jarry,3.3,3.2,3.3,54.3%,46.7%,70.0%,33.3%,47.6%,16.9%,12.0,18.2,-1.0,-1.4,W
2022,US Open,F,Alcaraz,4.0,4.1,3.9,44.6%,58.8%,55.2%,47.6%,53.0%,19.3%,13.0,7.6,-6.5,-4.6,L
2022,US Open,SF,Khachanov,4.4,4.9,3.9,49.2%,63.9%,59.1%,60.9%,57.4%,23.3%,22.0,11.3,10.0,7.7,W
2022,US Open,QF,Berrettini,4.5,4.8,4.2,52.5%,47.8%,76.7%,45.0%,64.1%,24.2%,17.0,8.5,-2.5,-2.6,W
2022,US Open,R16,Moutet,4.4,4.1,4.8,54.3%,59.2%,52.0%,57.7%,61.4%,19.1%,6.5,2.6,0.5,0.4,W
2022,US Open,R32,Paul,4.4,4.6,4.3,53.7%,53.4%,43.8%,45.9%,56.9%,21.7%,13.0,4.5,18.0,9.0,W
2022,US Open,R64,Van Rijthoven,3.3,3.7,2.9,52.5%,47.8%,55.6%,60.0%,59.1%,23.0%,17.5,11.8,-2.5,-2.9,W
2022,Cincinnati,R32,Shelton,3.2,3.2,3.1,49.3%,27.3%,37.5%,0.0%,60.0%,31.8%,2.0,4.0,-2.0,-6.9,L
2022,Canada,SF,Hurkacz,3.4,3.5,3.3,44.0%,65.0%,45.5%,37.5%,48.6%,20.9%,16.5,19.0,16.0,19.5,L
2022,Canada,QF,Auger Aliassime,4.2,4.6,3.7,52.9%,69.2%,66.7%,83.3%,55.1%,22.9%,9.0,12.7,3.0,6.0,W
2022,Gstaad,F,Berrettini,3.4,3.5,3.4,51.9%,58.8%,64.3%,33.3%,51.1%,13.7%,14.0,12.2,-4.0,-3.6,W
2022,Gstaad,SF,Ramos,4.2,4.0,4.5,63.0%,63.2%,72.7%,60.0%,47.6%,14.5%,13.0,20.6,0.5,0.8,W
2022,Gstaad,QF,Munar,4.2,4.0,4.3,52.6%,52.0%,55.6%,61.5%,56.4%,5.4%,9.5,5.9,-5.0,-4.3,W
2022,Gstaad,R16,Lehecka,3.5,3.3,3.6,56.7%,65.4%,50.0%,40.0%,58.1%,18.1%,8.0,7.8,3.5,5.1,W
2022,Roland Garros,F,Nadal,5.8,6.0,5.6,49.1%,27.8%,34.8%,37.9%,57.8%,11.0%,-8.5,-4.5,-2.5,-1.9,L
2022,Roland Garros,SF,Cilic,3.7,4.2,3.3,57.4%,46.8%,50.0%,50.0%,50.0%,19.2%,10.0,6.7,-2.0,-1.5,W
2022,Roland Garros,QF,Rune,4.7,4.7,4.6,54.0%,58.0%,60.0%,50.0%,59.8%,15.5%,39.5,14.5,12.5,7.8,W
2022,Roland Garros,R16,Hurkacz,4.4,5.0,4.0,47.3%,51.9%,83.3%,70.8%,54.0%,19.3%,26.0,15.4,11.0,9.6,W
2022,Roland Garros,R128,Tsonga,3.9,4.5,3.4,52.6%,62.1%,54.1%,50.0%,70.2%,20.3%,42.0,14.2,5.5,5.4,W
2022,Geneva,F,Sousa,4.0,3.7,4.3,52.3%,46.2%,55.6%,37.5%,64.0%,16.9%,33.0,15.2,-7.5,-7.4,W
2022,Geneva,SF,Opelka,2.7,2.7,2.6,51.0%,65.2%,85.7%,66.7%,47.2%,29.9%,4.5,10.7,7.0,15.9,W
2022,Geneva,R16,Paire,3.2,3.5,2.9,66.7%,61.9%,25.0%,50.0%,50.4%,8.8%,4.0,7.8,0.0,0.0,W
2022,Rome,SF,Djokovic,6.2,5.9,6.5,61.0%,35.7%,47.6%,32.0%,57.2%,24.1%,-0.5,-0.3,-14.5,-14.8,L
2022,Rome,QF,Shapovalov,4.0,4.1,3.8,49.1%,57.8%,50.0%,64.3%,61.7%,19.8%,7.5,4.4,-6.5,-7.1,W
2022,Rome,R16,Brooksby,4.8,4.4,5.1,52.2%,65.6%,61.5%,43.8%,50.0%,6.3%,26.0,21.0,-2.0,-1.7,W
2022,Rome,R32,Van De Zandschulp,4.3,4.3,4.2,52.7%,56.8%,60.0%,47.6%,62.5%,13.8%,15.0,8.4,-1.0,-1.1,W
2022,Munich,QF,Van De Zandschulp,4.8,5.0,4.6,48.3%,36.7%,29.4%,38.5%,61.4%,12.2%,3.0,2.2,-3.0,-4.1,L
2022,Munich,R16,Molcan,4.8,5.0,4.5,50.0%,53.8%,48.0%,47.8%,59.1%,14.6%,16.5,8.0,-2.0,-1.6,W
2022,Barcelona,R32,Nakashima,4.5,4.3,4.8,58.3%,45.5%,50.0%,62.5%,62.6%,12.9%,14.5,10.6,2.5,3.5,W
2022,Monte Carlo,R16,Dimitrov,4.9,5.5,4.0,46.4%,34.6%,46.7%,46.7%,67.4%,9.3%,1.0,0.7,-9.0,-13.4,L
2022,Monte Carlo,R32,Rune,4.3,3.6,5.0,56.1%,48.7%,51.9%,44.4%,60.0%,12.7%,10.0,7.0,0.5,0.6,W
2022,Miami,F,Alcaraz,3.7,3.7,3.7,44.7%,44.4%,66.7%,37.5%,49.3%,28.4%,6.0,7.1,-2.5,-3.7,L
2022,Miami,SF,Cerundolo,4.3,3.8,4.8,59.0%,71.9%,46.7%,20.0%,43.2%,17.1%,11.0,15.9,-1.5,-1.6,W
2022,Miami,QF,Zverev,4.0,4.2,3.8,51.8%,26.1%,72.7%,75.0%,57.4%,27.0%,4.0,4.0,-1.0,-1.6,W
2022,Miami,R32,Bublik,3.4,3.3,3.5,62.9%,54.5%,37.5%,100.0%,47.4%,26.2%,10.0,24.4,0.5,1.2,W
2022,Indian Wells,R32,Kyrgios,4.0,4.2,3.7,38.8%,42.1%,83.3%,25.0%,56.0%,17.6%,-1.0,-1.3,-3.0,-5.1,L
2022,Buenos Aires,F,Schwartzman,6.0,6.3,5.8,57.0%,45.9%,42.1%,68.4%,48.5%,7.6%,15.5,7.4,9.0,4.2,W
2021,Tour Finals,SF,Medvedev,5.0,5.4,4.4,47.4%,57.7%,50.0%,5.6%,47.2%,30.9%,-3.0,-3.6,-9.0,-11.4,L
2021,Tour Finals,RR,Rublev,3.8,3.8,3.8,50.7%,43.8%,48.0%,23.5%,53.8%,27.1%,25.5,16.8,-3.5,-3.4,W
2021,Tour Finals,RR,Norrie,4.4,3.9,4.8,54.7%,50.0%,52.9%,31.3%,50.4%,23.1%,3.5,3.1,7.5,8.0,W
2021,Tour Finals,RR,Djokovic,4.1,4.8,3.2,44.0%,36.0%,33.3%,38.5%,56.4%,20.7%,0.5,0.5,-3.0,-4.7,L
2021,Paris,QF,Zverev,4.4,4.9,3.8,54.5%,29.2%,40.0%,33.3%,53.2%,26.7%,4.0,3.9,2.0,2.9,L
2021,Paris,R16,Giron,5.0,4.3,5.6,59.2%,70.6%,56.3%,78.6%,52.8%,21.8%,16.5,17.6,6.0,8.0,W
2021,Paris,R32,Bublik,3.5,3.8,3.3,59.5%,58.6%,70.0%,42.9%,57.5%,17.6%,6.5,9.3,5.5,10.6,W
2021,Vienna,QF,Sinner,5.1,5.8,4.4,44.3%,45.5%,38.5%,42.1%,58.0%,28.7%,11.5,8.2,-2.5,-3.3,L
2021,San Diego,F,Norrie,6.1,6.5,5.6,71.9%,57.1%,71.4%,58.8%,52.2%,33.3%,10.5,11.4,6.5,10.5,W
2021,US Open,R64,Van De Zandschulp,4.8,5.0,4.6,50.0%,49.0%,52.2%,35.1%,63.1%,23.1%,3.5,1.4,-2.5,-2.0,L
2021,Cincinnati,QF,Zverev,4.4,5.0,3.5,37.0%,33.3%,28.6%,36.4%,56.0%,21.0%,-2.0,-3.1,-3.5,-7.1,L
2021,Cincinnati,R16,Schwartzman,4.5,4.0,5.0,62.5%,60.0%,37.5%,46.2%,56.6%,24.4%,3.0,3.1,2.0,3.3,W
2021,Canada,QF,Tsitsipas,3.6,3.8,3.3,39.3%,36.8%,42.9%,50.0%,61.4%,32.7%,-3.0,-4.4,-4.0,-12.1,L
2021,Canada,R16,Lajovic,4.3,3.4,5.4,55.7%,75.0%,66.7%,44.4%,57.8%,17.1%,7.5,8.2,1.5,2.5,W
2021,Kitzbuhel,F,Martinez,4.8,4.2,5.3,55.3%,55.1%,53.3%,60.0%,51.5%,18.6%,10.5,6.5,15.5,11.7,W
2021,Gstaad,F,Gaston,4.4,4.1,4.7,55.7%,57.5%,56.3%,50.0%,60.5%,16.2%,12.0,8.5,8.0,10.0,W
2021,Gstaad,QF,Paire,2.8,3.2,2.4,56.6%,36.7%,70.0%,80.0%,63.8%,11.1%,12.5,12.1,-4.5,-8.0,W
2021,Bastad,F,Coria,6.0,5.8,6.1,62.5%,67.7%,61.9%,50.0%,54.1%,11.3%,19.5,12.6,2.0,1.6,W
2021,Roland Garros,R32,Davidovich Fokina,4.6,4.6,4.6,51.1%,60.6%,45.2%,42.5%,60.5%,24.9%,34.0,8.7,7.0,3.5,L
2021,Geneva,F,Shapovalov,3.7,3.9,3.6,48.1%,65.6%,72.7%,40.0%,56.2%,23.5%,16.0,15.8,5.5,8.5,W
2021,Madrid,SF,Berrettini,3.9,4.3,3.4,41.3%,40.0%,55.6%,33.3%,51.8%,22.5%,5.0,6.0,-4.0,-6.6,L
2021,Madrid,QF,Bublik,2.7,2.8,2.7,53.1%,72.4%,80.0%,-,70.1%,21.9%,21.5,31.6,6.5,28.3,W
2021,Madrid,R16,Tsitsipas,4.0,4.3,3.8,52.5%,43.5%,52.9%,40.0%,58.9%,9.4%,1.5,1.3,-1.0,-1.4,W
2021,Madrid,R32,Nishioka,4.3,3.1,5.7,66.0%,64.3%,62.5%,66.7%,53.2%,8.2%,10.5,14.4,-2.5,-3.7,W
2021,Madrid,R64,Auger Aliassime,4.3,4.5,4.1,58.0%,66.7%,58.3%,46.7%,57.3%,8.6%,17.5,14.2,-3.0,-3.7,W
2021,Monte Carlo,SF,Rublev,4.7,4.7,4.7,42.1%,42.9%,56.3%,41.7%,47.1%,8.4%,4.0,4.1,7.0,6.5,L
2021,Monte Carlo,R32,Schwartzman,4.7,4.3,5.1,55.1%,58.8%,61.5%,72.7%,60.9%,9.7%,11.0,10.1,-3.0,-4.8,W
2021,Acapulco,R32,Galan,4.8,4.8,4.9,57.4%,77.3%,42.9%,75.0%,50.3%,16.5%,9.0,9.4,7.5,9.3,W
2020,Hamburg,SF,Rublev,4.7,4.9,4.4,44.0%,40.5%,50.0%,36.4%,43.6%,16.5%,13.5,15.2,-6.0,-5.8,L
2020,Rome,SF,Djokovic,4.7,5.1,4.4,44.0%,54.8%,46.2%,30.0%,54.7%,22.1%,18.5,11.6,-8.0,-7.3,L
2020,Rome,QF,Berrettini,4.1,4.2,4.0,47.0%,60.7%,50.0%,50.0%,56.4%,19.9%,28.5,15.7,2.5,2.2,W
2020,US Open,R32,Berrettini,3.8,4.7,2.9,45.0%,38.2%,42.1%,58.3%,55.8%,21.2%,-7.5,-5.6,-1.5,-1.7,L
2020,Santiago,F,Seyboth Wild,3.2,3.3,3.0,43.7%,54.1%,56.3%,40.0%,55.3%,19.8%,15.0,13.5,1.0,1.3,L
2020,Santiago,SF,Ramos,4.4,4.0,4.7,61.8%,55.2%,31.3%,58.3%,52.0%,19.8%,21.5,17.8,-3.0,-3.1,W
2020,Santiago,R16,Tabilo,3.4,3.6,3.1,51.9%,59.5%,37.5%,40.0%,70.8%,22.0%,8.5,7.1,0.5,1.3,W
2020,Buenos Aires,F,Sousa,3.6,3.4,3.8,63.9%,60.0%,42.9%,50.0%,52.5%,13.4%,19.0,27.5,0.0,0.0,W
2020,Buenos Aires,SF,Londero,3.6,3.2,4.1,57.3%,67.7%,50.0%,0.0%,45.9%,14.2%,20.0,22.2,-6.0,-6.3,W
2020,Australian Open,R128,Gerasimov,4.5,4.7,4.2,52.3%,47.1%,54.3%,48.5%,61.1%,23.1%,23.5,7.4,6.5,4.0,L
2020,Atp Cup,RR,Fognini,3.7,3.7,3.7,66.7%,61.1%,44.4%,50.0%,62.5%,19.6%,7.0,10.0,5.0,12.2,W
2019,NextGen Finals,RR,De Minaur,4.7,5.4,3.8,45.2%,21.1%,37.5%,33.3%,45.3%,30.5%,3.0,4.8,-1.0,-1.8,L
2019,Hamburg,R32,Haase,4.0,4.1,3.9,52.2%,40.0%,72.2%,54.5%,66.2%,6.8%,21.0,15.8,-9.0,-15.3,W
2019,Roland Garros,R64,Berrettini,3.6,3.5,3.6,56.5%,52.1%,60.9%,62.5%,55.8%,26.1%,28.5,19.7,2.0,2.1,W
2019,Rome,R16,del Potro,4.6,4.0,5.1,41.0%,56.7%,47.6%,41.7%,49.0%,20.5%,14.0,14.1,-6.0,-6.3,L
2019,Houston,F,Garin,4.5,5.0,4.1,50.5%,40.0%,48.1%,61.9%,63.4%,14.8%,23.5,10.3,1.5,1.3,L
2019,Sao Paulo,SF,Garin,3.8,3.2,4.4,60.0%,21.4%,50.0%,25.0%,55.9%,17.9%,-8.5,-9.4,-4.0,-6.6,L
2019,Sao Paulo,QF,Dellien,4.1,3.3,4.9,70.2%,52.6%,71.4%,57.1%,54.3%,3.2%,10.0,14.7,4.5,7.4,W
2019,Rio de Janeiro,QF,Djere,4.0,4.1,3.9,45.5%,56.0%,53.3%,18.2%,51.9%,5.0%,-6.5,-6.6,-4.0,-4.3,L
2018,Francavilla Al Mare CH,R16,Auger Aliassime,4.6,4.4,4.7,67.3%,51.9%,66.7%,41.7%,55.3%,12.9%,6.0,5.4,10.0,12.8,W
2017,Washington,R64,Paul,3.5,3.8,3.1,49.5%,43.8%,50.0%,12.5%,64.4%,25.7%,-1.5,-1.2,-6.5,-12.0,L
2017,Lyon CH,QF,Auger Aliassime,3.6,3.9,3.2,47.7%,48.8%,60.0%,33.3%,54.4%,24.4%,8.5,6.2,-7.5,-7.8,L
2017,Roland Garros,Q2,Janvier,4.0,4.0,4.0,55.3%,28.6%,41.2%,44.4%,54.2%,17.6%,10.5,8.5,-5.5,-6.5,L
2017,Sao Paulo,R32,Santillan,3.4,3.8,2.9,46.9%,71.4%,71.4%,57.1%,55.7%,17.1%,17.5,21.3,2.5,4.4,W
2017,Rio de Janeiro,SF,Carreno Busta,4.1,3.8,4.6,44.8%,48.0%,46.4%,66.7%,61.1%,22.5%,23.5,14.6,-2.0,-2.4,L
2017,Rio de Janeiro,QF,Monteiro,3.7,3.3,4.1,53.2%,63.6%,44.4%,83.3%,55.3%,25.0%,18.5,19.1,-1.0,-1.6,W
2017,Rio de Janeiro,R16,Carballes Baena,4.8,4.2,5.3,48.4%,56.0%,55.2%,50.0%,55.4%,18.7%,15.5,6.2,-6.5,-3.8,W
2017,Rio de Janeiro,R32,Dutra Silva,4.1,3.7,4.6,50.0%,63.0%,60.0%,42.9%,62.0%,18.5%,2.5,2.0,-2.0,-3.1,W
2017,Budapest CH,R32,Lee,4.3,4.0,4.5,61.1%,51.7%,44.4%,47.1%,47.0%,28.2%,-0.5,-0.5,0.0,0.0,W
2017,Australian Open,Q3,Opelka,2.9,3.2,2.5,43.5%,37.5%,42.9%,100.0%,60.0%,31.3%,-2.0,-3.8,1.0,3.7,L
2017,Australian Open,Q2,Eysseric,5.0,5.8,4.1,55.1%,47.4%,47.4%,47.6%,64.1%,18.2%,1.0,0.5,-4.5,-4.7,W
2016,Szczecin CH,R16,Cecchinato,4.3,4.9,3.7,41.9%,44.4%,44.4%,50.0%,50.6%,14.2%,-2.0,-1.7,-6.5,-6.0,L
2016,Szczecin CH,R32,Eremin,4.5,5.0,3.8,56.9%,48.4%,61.5%,28.6%,63.3%,26.4%,22.0,16.2,-4.0,-6.5,W
2016,Seville CH,F,Daniel,6.8,6.7,7.0,53.3%,59.1%,42.9%,53.3%,59.1%,11.2%,10.5,5.3,-7.5,-6.1,W
2016,Seville CH,SF,Cachin,4.5,4.6,4.4,50.0%,50.0%,72.0%,64.3%,75.3%,20.0%,21.0,11.1,-1.0,-1.9,W
2016,Seville CH,QF,Cervantes Huegun,4.3,4.0,4.5,57.0%,50.0%,28.6%,66.7%,56.1%,24.8%,11.5,7.8,-1.5,-1.6,W
2016,Finland F1,F,Torpegaard,3.7,4.1,3.3,53.8%,59.5%,72.7%,44.4%,65.0%,22.8%,5.0,4.0,3.0,5.1,W
